<?xml version="1.0" encoding="UTF-8"?>
<project-private xmlns="http://www.netbeans.org/ns/project-private/1">
    <editor-bookmarks xmlns="http://www.netbeans.org/ns/editor-bookmarks/2" lastBookmarkId="0"/>
    <open-files xmlns="http://www.netbeans.org/ns/projectui-open-files/2">
        <group>
            <file>file:/auto_home/rchamoulaud/Documents/Mouvement/Trombettoni/GSAT/src/gsat/GSAT.java</file>
            <file>file:/auto_home/rchamoulaud/Documents/Mouvement/Trombettoni/GSAT/src/gsat/Clause.java</file>
            <file>file:/auto_home/rchamoulaud/Documents/Mouvement/Trombettoni/GSAT/src/gsat/Parser.java</file>
            <file>file:/auto_home/rchamoulaud/Documents/Mouvement/Trombettoni/GSAT/src/gsat/Atom.java</file>
        </group>
    </open-files>
</project-private>
